userName,userID,pswd,email,session
UserA,1,f905eafa206c1ce312a1a493701ac169,hiroyuki3569825+cloudspiral@gmail.com,64fedd15-b4f9-4db2-929a-e24580946135
UserB,2,a969d1e2a0405665ee6dbb52f702437e,hiroyuki3569825+cloudspiral@gmail.com,66dae355-cc1b-4f02-981a-38677407ac5d
UserC,3,7b97b4dd058da5b7c5c5ce0373ecb83b,hiroyuki3569825+cloudspiral@gmail.com,d69d232d-2656-4bae-b599-b47faab71438
UserD,4,d785dbe374ffe4ef7240eebcb9a831bd,hiroyuki3569825+cloudspiral@gmail.com,7e4e71d1-eff5-4df2-9b67-3f00ca90da14
UserE,5,1b9a9862af04ff15e11563cde339d8f9,hiroyuki3569825+cloudspiral@gmail.com,0be45f44-7935-49f3-a8f7-1d32cbc05421
UserF,6,7f0b91186ffb047b087c5d435642af87,hiroyuki3569825+cloudspiral@gmail.com,
UserG,7,c38d573f470ff38d229427acc9d6c99d,hiroyuki3569825+cloudspiral@gmail.com,
UserH,8,6c3c09cb87e71fad3f92a173b282af47,hiroyuki3569825+cloudspiral@gmail.com,
UserI,9,6c1b3583688a6ede18dc9be7129b2f67,hiroyuki3569825+cloudspiral@gmail.com,
UserJ,10,58d0f70238a4c35d29155f8bb493a1e8,hiroyuki3569825+cloudspiral@gmail.com,
